cohort,F,D,ContextDepth,C_f,style,trust_baseline,trust_adapted,trust_delta
Spain-local,0.570228277120548,0.580086025521617,0.6473174936221342,0.6011526022565308,Balanced-Professional,0.6956074430220485,0.6956074430220485,0.0
Spain-local,0.7314948231400841,0.42317460125150075,0.4687837931997264,0.5162178739055255,Balanced-Professional,0.6541415293982814,0.6541415293982814,0.0
Spain-local,0.2699136267764345,0.7408645176483284,0.5658255815126402,0.561863167282864,Direct-Concise,0.7392776573734485,0.7409965106756875,0.0017188533022389763
Spain-local,0.7561258912132053,0.6889366007139334,0.4878391356072483,0.6353498105514116,Balanced-Professional,0.7510046493603446,0.7510046493603446,0.0
Spain-local,0.5133755902981407,0.654088714429212,0.6906327660025059,0.6317008514470971,Balanced-Professional,0.7757080959857828,0.7757080959857828,0.0
Spain-local,0.40800299818747854,0.5320577564689406,0.6501662841134985,0.5423820515741703,Balanced-Professional,0.7407259902076527,0.7407259902076527,0.0
Spain-local,0.4075860594253493,0.6609373261915363,0.4872957914415879,0.5368249723375076,Balanced-Professional,0.6878398424416615,0.6878398424416615,0.0
Spain-local,0.3684056876784373,0.7075307074957926,0.6316338347623882,0.5961855470847622,Balanced-Professional,0.7403146798490543,0.7403146798490543,0.0
Spain-local,0.48868964982295693,0.6249858999152702,0.5322710151802904,0.558461627734949,Balanced-Professional,0.7184586415240187,0.7184586415240187,0.0
Spain-local,0.6367437851373021,0.5080025878620205,0.5706508448925949,0.5621147771415419,Balanced-Professional,0.704310792553199,0.704310792553199,0.0
Spain-local,0.6017689224300159,0.29723905064675576,0.5883999298533941,0.47527782631489424,Contextual-Relational,0.6541806862744847,0.6551193207347084,0.0009386344602236862
Spain-local,0.6093600433958656,0.6920443530732919,0.5066742483720692,0.6064937390085074,Balanced-Professional,0.7658688910025337,0.7658688910025337,0.0
Spain-local,0.2827268251523382,0.49701235515233966,0.6352509467702765,0.4918244797186172,Balanced-Professional,0.6903023824107143,0.6903023824107143,0.0
Spain-local,0.3000653035232034,0.42351484272514356,0.6398367117179126,0.46836511207212767,Balanced-Professional,0.6974740280223513,0.6974740280223513,0.0
Spain-local,0.7375324444005513,0.6835897573084064,0.6353711152566252,0.6801989043633192,Balanced-Professional,0.8301363419615054,0.8301363419615054,0.0
Spain-local,0.6556439511639325,0.6007257156032968,0.7236031619224917,0.657462380705174,Balanced-Professional,0.8192998876170198,0.8192998876170198,0.0
Spain-local,0.8256499602061697,0.3371745322956263,0.5446736514719236,0.5319180809849662,Contextual-Relational,0.6714766731851154,0.6752514332578256,0.0037747600727101593
Spain-local,0.689374216885806,0.5351437939404922,0.3872282827514747,0.5219309707606645,Balanced-Professional,0.67673253789689,0.67673253789689,0.0
Spain-local,0.3765852130923621,0.5096148951735403,0.5164206393032378,0.4787394850986399,Balanced-Professional,0.6791196852549338,0.6791196852549338,0.0
Spain-local,0.6999381436737183,0.6988917708206835,0.6060957956055945,0.666674772708661,Balanced-Professional,0.7882828709357661,0.7882828709357661,0.0
Spain-local,0.6079751969978464,0.2657317255962837,0.582858142790923,0.46228683946479815,Contextual-Relational,0.7186788380778425,0.7220676272924039,0.0033887892145614273
Spain-local,0.5500754898750487,0.4921658874950542,0.6552294454242591,0.5637155333652746,Balanced-Professional,0.6933706811249567,0.6933706811249567,0.0
Spain-local,0.40521773483993634,0.5292626323068556,0.6848343136688061,0.5527014964168084,Balanced-Professional,0.7088766251849101,0.7088766251849101,0.0
Spain-local,0.5203892310530114,0.7628350619545338,0.5647133133240162,0.632880992208472,Balanced-Professional,0.776321923891873,0.776321923891873,0.0
Spain-local,0.4994201817507401,0.3874915211320213,0.5656518818602028,0.47782981254156454,Balanced-Professional,0.7380695110354916,0.7380695110354916,0.0
Spain-local,0.6449549156260751,0.10893520967408521,0.4516370204283974,0.36288576992609195,Contextual-Relational,0.6866122564959227,0.6926654043259857,0.006053147830062944
Spain-local,0.53742957215982,0.3423957502621853,0.7143024176638815,0.5213215393271877,Contextual-Relational,0.6704217094988422,0.6743771447862235,0.003955435287381293
Spain-local,0.741864428007548,0.5894604644174594,0.5456882452125813,0.6122411785932742,Balanced-Professional,0.7476390995769026,0.7476390995769026,0.0
Spain-local,0.4115719945494592,0.67143881484921,0.43917000075253965,0.5251780248404376,Direct-Concise,0.6802790009257216,0.6819132864788338,0.0016342855531121803
Spain-local,0.5859543583174601,0.8100313853990826,0.43513139536823686,0.622797132117881,Direct-Concise,0.7952977311813048,0.7975253498803435,0.002227618699038758
Spain-local,0.5898379328433438,0.6101402684560181,0.5260804490382883,0.5756437477566441,Balanced-Professional,0.7556978764748375,0.7556978764748375,0.0
Spain-local,0.3989926044260147,0.4296534544707,0.782201897323882,0.5453801969581424,Balanced-Professional,0.7083782521579456,0.7083782521579456,0.0
Spain-local,0.3546227534940577,0.6826584385168133,0.6804310151155253,0.5998699190706736,Balanced-Professional,0.7254850866262268,0.7254850866262268,0.0
Spain-local,0.6619011300455858,0.5483413381795375,0.3597745092890046,0.5107328960343631,Balanced-Professional,0.7171645416211808,0.7171645416211808,0.0
Spain-local,0.5924416659934015,0.519856308309221,0.5639301226822451,0.5534284827608246,Balanced-Professional,0.7659260037828989,0.7659260037828989,0.0
Spain-local,0.4972492740982655,0.5526328819133555,0.6143147523216357,0.5603756346024811,Balanced-Professional,0.6994900515380318,0.6994900515380318,0.0
Spain-local,0.5752114358046372,0.7411864076365167,0.6614524522175773,0.671785780281918,Balanced-Professional,0.7729464176958788,0.7729464176958788,0.0
Spain-local,0.4254518359701958,0.414783794596484,0.6246761647245201,0.4909131344847246,Balanced-Professional,0.6999755179698627,0.6999755179698627,0.0
Spain-local,0.5533687482867998,0.396410908279277,0.4967036034467479,0.4707528115897725,Balanced-Professional,0.6860968804549626,0.6860968804549626,0.0
Spain-local,0.43528226274738574,0.5400216849684429,0.633545233112421,0.5465700712635709,Balanced-Professional,0.7367997154981453,0.7367997154981453,0.0
Spain-local,0.5464303853315207,0.5400145072667281,0.507960427183479,0.530399548753789,Balanced-Professional,0.6752167080260987,0.6752167080260987,0.0
Spain-local,0.6580525248036769,0.42783120559912263,0.2887157049433407,0.43669611017073756,Balanced-Professional,0.6445509504095656,0.6445509504095656,0.0
Spain-local,0.4724517656982957,0.4180815236667476,0.48784774791650887,0.4560922626620511,Balanced-Professional,0.594041925224974,0.594041925224974,0.0
Spain-local,0.6389683333918692,0.6066488740063667,0.49082424898832344,0.5741901200964272,Balanced-Professional,0.7393244065557663,0.7393244065557663,0.0
Spain-local,0.3752120922907789,0.7506752701498062,0.7039717711457382,0.6404632510336256,Balanced-Professional,0.8130379024320561,0.8130379024320561,0.0
Spain-local,0.4796112922489757,0.6569487809418864,0.7172806077739105,0.6337305481598672,Balanced-Professional,0.6845774579182506,0.6845774579182506,0.0
Spain-local,0.32893603650398484,0.6527681666449588,0.44411367479658653,0.49878106196278504,Direct-Concise,0.6741182111021656,0.6788509211132235,0.004732710011057906
Spain-local,0.5059179480469453,0.7368606064926325,0.6026082419179879,0.632136614280085,Balanced-Professional,0.8020092742545671,0.8020092742545671,0.0
Spain-local,0.5310115716655324,0.25135409099481554,0.5917175880229986,0.4403956851223588,Contextual-Relational,0.6644857330998026,0.6663508813288338,0.001865148229031166
Spain-local,0.49238322719439015,0.32345097457942423,0.3933465852476498,0.3901475014670447,Balanced-Professional,0.5692720379508206,0.5692720379508206,0.0
Spain-local,0.48252539966096103,0.44419027091064295,0.31309223463874547,0.40788974040305837,Balanced-Professional,0.7006964034713019,0.7006964034713019,0.0
Spain-local,0.7076272566145564,0.37073332839476614,0.5679404978386328,0.523979319755067,Balanced-Professional,0.6549508743630921,0.6549508743630921,0.0
Spain-local,0.7193309971579371,0.40159034134107124,0.597737684534943,0.5496770754131428,Balanced-Professional,0.7796749563366522,0.7796749563366522,0.0
Spain-local,0.34981165930748653,0.5604811005754862,0.5026718302354375,0.4875804956394692,Balanced-Professional,0.6704046238679571,0.6704046238679571,0.0
Spain-local,0.6843760290558253,0.3573415513228147,0.22754835559652398,0.3936725522518656,Balanced-Professional,0.6185744586096632,0.6185744586096632,0.0
Spain-local,0.2787702541980611,0.48347544724070135,0.5761670827778779,0.4647412214180531,Balanced-Professional,0.6834483949417759,0.6834483949417759,0.0
Spain-local,0.4171729048828136,0.24352679770759,0.5047794162853764,0.3783767410036212,Balanced-Professional,0.6383013486461694,0.6383013486461694,0.0
Spain-local,0.49571761657095403,0.40390381450666435,0.4643771765445679,0.448022941736003,Balanced-Professional,0.6980304917820817,0.6980304917820817,0.0
Spain-local,0.5355484843739823,0.7518321828889863,0.537855688740558,0.6228694853082855,Balanced-Professional,0.7815349849224967,0.7815349849224967,0.0
Spain-local,0.3733616653594056,0.46856573505161164,0.43328762987940317,0.4324173808182872,Balanced-Professional,0.6602911886524445,0.6602911886524445,0.0
Spain-local,0.41885437088305383,0.5986208300738564,0.6527795546489286,0.5726347688774309,Balanced-Professional,0.7892186975869904,0.7892186975869904,0.0
Spain-local,0.5307315346240812,0.6562231321240615,0.5813785024401212,0.5986546123596873,Balanced-Professional,0.7778662990317808,0.7778662990317808,0.0
Spain-local,0.42292081872641984,0.47636464671449225,0.507270637195576,0.47382078638585345,Balanced-Professional,0.697862057935067,0.697862057935067,0.0
Spain-local,0.4302318895035582,0.6368627095797772,0.6166434389924518,0.5781282598551586,Balanced-Professional,0.7444687356254671,0.7444687356254671,0.0
Spain-local,0.613276883311356,0.5821802928143217,0.5758269711056182,0.5877307778405341,Balanced-Professional,0.7400523804090151,0.7400523804090151,0.0
Spain-local,0.6504409473970287,0.6546107793549247,0.3826331933293471,0.5583761662564986,Balanced-Professional,0.726084855341073,0.726084855341073,0.0
Spain-local,0.5115922956487884,0.45466708516049026,0.5612609218091924,0.5062062306096106,Balanced-Professional,0.7296990750405052,0.7296990750405052,0.0
Spain-local,0.522547707762914,0.3339743023480172,0.5205696496982852,0.4464260252743353,Balanced-Professional,0.692183144657494,0.692183144657494,0.0
Spain-local,0.5172562635969362,0.3966820160724061,0.3537069619575259,0.4117843090133306,Balanced-Professional,0.6574815480272873,0.6574815480272873,0.0
Spain-local,0.4563716389414757,0.4667775125868612,0.4952344778660225,0.4741359820232212,Balanced-Professional,0.7276725079475033,0.7276725079475033,0.0
Spain-local,0.448404950027184,0.6303743041980128,0.6354242213996775,0.5866494366758882,Balanced-Professional,0.7328362572199895,0.7328362572199895,0.0
Spain-local,0.3747157574110781,0.519353651957554,0.4994655690305693,0.4762333492964904,Balanced-Professional,0.705552520150365,0.705552520150365,0.0
Spain-local,0.6107744210791936,0.49017905289670977,0.7629759653444443,0.6158068142990378,Balanced-Professional,0.7922843584835986,0.7922843584835986,0.0
Spain-local,0.5082176461563813,0.5230477941509122,0.8007681365688181,0.6165423769985465,Balanced-Professional,0.7136510150978509,0.7136510150978509,0.0
Spain-local,0.5007584842664621,0.7149635299827138,0.5401751026980351,0.6002363190040133,Balanced-Professional,0.7395535646612716,0.7395535646612716,0.0
Spain-local,0.548075965850216,0.463675165370557,0.6519464751585028,0.5506703239162528,Balanced-Professional,0.7920874206212565,0.7920874206212565,0.0
Spain-local,0.5942944779565713,0.7766997503372624,0.8390448442193968,0.7529192151008367,Balanced-Professional,0.788175465503836,0.788175465503836,0.0
Spain-local,0.7189448303330251,0.3658610731362195,0.5369015520944709,0.5139961800708089,Balanced-Professional,0.7530812743054109,0.7530812743054109,0.0
Spain-local,0.48170358525749796,0.46116472289289306,0.46313557911314546,0.46698923816113264,Balanced-Professional,0.6411041049897224,0.6411041049897224,0.0
Spain-local,0.4638358827207416,0.6782503976614013,0.5250968406308795,0.5710430239655537,Balanced-Professional,0.7517429275962692,0.7517429275962692,0.0
Asian-multilingual,0.4710135096733864,0.6620381239758695,0.6389969298294871,0.5848109716041283,Balanced-Professional,0.8038395418393465,0.8038395418393465,0.0
Asian-multilingual,0.5337055589136398,0.3565751005379125,0.8286117189228567,0.6309872392426419,Contextual-Relational,0.7918855478318458,0.8045625589395942,0.012677011107748326
Asian-multilingual,0.5674562855067049,0.4374002174400694,0.6840172432449624,0.5938975028755937,Balanced-Professional,0.7646510394998974,0.7646510394998974,0.0
Asian-multilingual,0.543165149137891,0.535961776826076,0.5805153447661434,0.5585320627082415,Balanced-Professional,0.676762483523798,0.676762483523798,0.0
Asian-multilingual,0.7611996682479977,0.4855593958866104,0.6730958011042664,0.6664248735610412,Balanced-Professional,0.7625983911262548,0.7625983911262548,0.0
Asian-multilingual,0.7366892015270253,0.3918448646679366,0.7956609407058016,0.6942576167856569,Contextual-Relational,0.7505028827795156,0.772660314597418,0.022157431817902418
Asian-multilingual,0.7418083953003002,0.6954763922295607,0.6349875876102559,0.6844726312256324,Balanced-Professional,0.837933463143467,0.837933463143467,0.0
Asian-multilingual,0.6470883630002183,0.6416556863993513,0.6378078721005103,0.6418256067751763,Balanced-Professional,0.7518198706676155,0.7518198706676155,0.0
Asian-multilingual,0.8491368308653825,0.07905444530403853,0.724226373586493,0.6389106479776134,Contextual-Relational,0.8482103932997556,0.8782962704834424,0.030085877183686827
Asian-multilingual,0.7640309318405556,0.5852105388286599,0.7706853517367178,0.7312613421914494,Balanced-Professional,0.838173934852076,0.838173934852076,0.0
Asian-multilingual,0.6654654010994377,0.5231707931109141,0.851579221663389,0.7207576987555111,Contextual-Relational,0.7993488943752308,0.8043684090296102,0.005019514654379331
Asian-multilingual,0.47316999781633434,0.5880376594751203,0.6441774323143912,0.5730968756722171,Balanced-Professional,0.7919103435721331,0.7919103435721331,0.0
Asian-multilingual,0.7159625259825907,0.4555077858817571,0.7059234323356747,0.6593539858213118,Contextual-Relational,0.6977141467842506,0.6987256855144688,0.0010115387302181977
Asian-multilingual,0.7113021898305582,0.565065474350481,0.795924317209168,0.7201348040549171,Balanced-Professional,0.7786373435629117,0.7786373435629117,0.0
Asian-multilingual,0.633207941063954,0.7290549928590385,0.41527089627588937,0.5543056812683418,Balanced-Professional,0.7129268311351402,0.7129268311351402,0.0
Asian-multilingual,0.7198042286508928,0.6969525724343185,0.6797995259042002,0.6972317811715663,Balanced-Professional,0.8431015254575827,0.8431015254575827,0.0
Asian-multilingual,0.7277911133981597,0.7085329797610694,0.7210233681738111,0.7208940013197848,Balanced-Professional,0.8552444272810352,0.8552444272810352,0.0
Asian-multilingual,0.5782156624975028,0.5990003124506628,0.6506609840050049,0.6149729871665108,Balanced-Professional,0.7735191368581185,0.7735191368581185,0.0
Asian-multilingual,0.6991413155492389,0.5796371832010885,0.5513837683845056,0.6087495928554789,Balanced-Professional,0.6852719840998908,0.6852719840998908,0.0
Asian-multilingual,0.6685891686157784,0.5824671661250008,0.7372667873960886,0.6822696965687625,Balanced-Professional,0.7718223331332384,0.7718223331332384,0.0
Asian-multilingual,0.6638409520880628,0.275836338647927,0.8223678719830155,0.6575771433527644,Contextual-Relational,0.736534024879839,0.7655508641671509,0.029016839287311913
Asian-multilingual,0.5721484992798378,0.7804655182222558,0.6504008657691602,0.6490254679885166,Balanced-Professional,0.8261770349201086,0.8261770349201086,0.0
Asian-multilingual,0.5551830891496662,0.4776629114213235,0.5995308251576096,0.5596355348075722,Balanced-Professional,0.7140049796123832,0.7140049796123832,0.0
Asian-multilingual,0.636607399408649,0.4906487634862236,0.6342272655866957,0.606344612004285,Balanced-Professional,0.7784947393424757,0.7784947393424757,0.0
Asian-multilingual,0.8204405000814484,0.4601524514610543,0.8634049188881461,0.7677168788203836,Contextual-Relational,0.9097908656961591,0.9331763974625769,0.023385531766417778
Asian-multilingual,0.9456379591760595,0.5128495282823798,0.8230722072422755,0.8039256846271208,Contextual-Relational,0.8507887971974593,0.8657787520095175,0.014989954812058226
Asian-multilingual,0.568227195294398,0.12673806026402737,0.6679935136583022,0.5248242115520808,Contextual-Relational,0.7421214191265273,0.7582071990167477,0.01608577989022042
Asian-multilingual,0.472391406841544,0.4765594338070159,0.5207104477408968,0.4949685806393471,Balanced-Professional,0.6839517277944576,0.6839517277944576,0.0
Asian-multilingual,0.5721815261889149,0.2538369262409189,0.4989753668676637,0.47556983450475265,Balanced-Professional,0.6914652454341659,0.6914652454341659,0.0
Asian-multilingual,0.5030799668456333,0.2956027853907366,0.6210015583946126,0.5146492467516945,Balanced-Professional,0.7108213292606342,0.7108213292606342,0.0
Asian-multilingual,0.5616116138304499,0.16557303552990646,0.62197137856829,0.5095657923023692,Contextual-Relational,0.7071763219801656,0.7179431610523894,0.010766839072223866
Asian-multilingual,0.6755495055247088,0.1866096243628677,0.6973742936909695,0.5875826839671578,Contextual-Relational,0.7483361470438091,0.7692412519284181,0.02090510488460895
Asian-multilingual,0.4920047855337885,0.5294028906833251,0.5166812910368105,0.5105888340400557,Balanced-Professional,0.6913694279525706,0.6913694279525706,0.0
Asian-multilingual,0.7052553394338564,0.36924950762116193,0.6468510224553551,0.6117722304309919,Contextual-Relational,0.8323071430489122,0.8366777738908798,0.004370630841967649
Asian-multilingual,0.730817599126278,0.4266289024453957,0.7320403697670176,0.6705301065784344,Contextual-Relational,0.7611278973062083,0.7700590648154593,0.008931167509250937
Asian-multilingual,0.8323010434650107,0.4164762117864752,0.4447720819420136,0.5747480444439549,Balanced-Professional,0.7490103518401667,0.7490103518401667,0.0
Asian-multilingual,0.8746984764363153,0.26909012845708263,0.9603979545214352,0.7921415719787728,Contextual-Relational,0.8359717143172661,0.8777994837083096,0.04182776939104349
Asian-multilingual,0.7596960470791929,0.33633426732056804,0.7378829402897823,0.6652077930722331,Contextual-Relational,0.6940306404029715,0.7147948376744067,0.020764197271435192
Asian-multilingual,0.9374068881310446,0.25413535312457647,0.7315565192465712,0.7081199151317379,Contextual-Relational,0.8446232203945908,0.8713211132696946,0.026697892875103824
Asian-multilingual,0.5500520920175538,0.3953153102928317,0.4948885496988502,0.4942811416291927,Balanced-Professional,0.7080769621366335,0.7080769621366335,0.0
Asian-multilingual,0.6587059246707366,0.11079668941796166,0.5307881240718824,0.49156106735069716,Contextual-Relational,0.6425429480102447,0.6535625605944664,0.011019612584221683
Asian-multilingual,0.6440879276941384,0.38277644340877215,0.7955089489739722,0.6599650904129903,Contextual-Relational,0.7525207970821441,0.7686393457050312,0.016118548622887086
Asian-multilingual,0.6814870890924212,0.5769097262929397,0.7787421617881396,0.7043363992455982,Balanced-Professional,0.7393026867519314,0.7393026867519314,0.0
Asian-multilingual,0.7634427508866891,0.6209381692824185,0.3484571111923837,0.5481982967033976,Balanced-Professional,0.7370791259420495,0.7370791259420495,0.0
Asian-multilingual,0.5747425176748239,0.6115780238593329,0.8135881133144747,0.6895901369495686,Balanced-Professional,0.8587542010119947,0.8587542010119947,0.0
Asian-multilingual,0.8598720285912774,0.5148171622834852,0.7584050721954422,0.7452009249515932,Contextual-Relational,0.8728008147771764,0.879956820276341,0.007156005499164619
Asian-multilingual,0.7986363660634204,0.2911271250629443,0.7449265377522268,0.6729650951232881,Contextual-Relational,0.736247684666989,0.7620375361724395,0.025789851505450545
Asian-multilingual,0.6694306432631103,0.5758949914578603,0.5203309424795143,0.5836286475494421,Balanced-Professional,0.6743926132199916,0.6743926132199916,0.0
Asian-multilingual,0.6860405591803356,0.5180898412584359,0.6977819159236784,0.6577340261304598,Balanced-Professional,0.8013949258570258,0.8013949258570258,0.0
Asian-multilingual,0.4851215007182516,0.48026254667715257,0.5858715365579098,0.529487226037878,Balanced-Professional,0.783467020649732,0.783467020649732,0.0
Asian-multilingual,0.27336284130182015,0.25993440452214805,0.7373713259108035,0.47948097201992823,Contextual-Relational,0.6931144400404102,0.693593081750047,0.00047864170963674013
Asian-multilingual,0.6086722698481433,0.4987871004842469,0.9032998126061542,0.719277630216469,Contextual-Relational,0.8529410011137764,0.8622829429792093,0.009341941865432912
Asian-multilingual,0.6653595497922804,0.6508831153582016,0.7478902154877555,0.6996030624684284,Balanced-Professional,0.7453448952554337,0.7453448952554337,0.0
Asian-multilingual,0.6529518816321723,0.5510581710398419,0.7966983955076891,0.6972590707576888,Balanced-Professional,0.7954286059110892,0.7954286059110892,0.0
Asian-multilingual,0.4674295393290985,0.4063561643359752,0.6245244621375768,0.5259075795942891,Balanced-Professional,0.7318047353284083,0.7318047353284083,0.0
Asian-multilingual,0.5581037198946895,0.5217212113313224,0.5325172509205882,0.5393133071436705,Balanced-Professional,0.7044008326226602,0.7044008326226602,0.0
Asian-multilingual,0.8662960559583592,0.4409382291149184,0.667019995978176,0.6915502635985886,Contextual-Relational,0.7878656039323272,0.7944302530772761,0.00656464914494892
Asian-multilingual,0.7230680681955849,0.46693143286747846,0.7998692169271252,0.7064012580591568,Contextual-Relational,0.8316766618343242,0.8431498953007849,0.011473233466460675
Asian-multilingual,0.707402453574595,0.5663540813971066,0.8559941058932199,0.7460590226824786,Contextual-Relational,0.7991557860690807,0.8014479194138685,0.002292133344787839
Asian-multilingual,0.5781413164684961,0.4915602169846924,0.6577800116050191,0.5966625093831707,Balanced-Professional,0.7096710778613319,0.7096710778613319,0.0
Asian-multilingual,0.7245452399194687,0.451181640288883,0.6984949487341682,0.6581498889599663,Contextual-Relational,0.8099634955323937,0.8112783641435701,0.0013148686111764674
Asian-multilingual,0.800932576760861,0.4976173960255395,0.6139417731989791,0.6561236790109499,Balanced-Professional,0.7887964881665954,0.7887964881665954,0.0
Asian-multilingual,0.7272934718269926,0.3180954875470041,0.44279404468839806,0.5174291327586273,Balanced-Professional,0.6698499344246895,0.6698499344246895,0.0
Asian-multilingual,0.564953933656009,0.29175761210752926,0.6769250364648683,0.5607016656102998,Contextual-Relational,0.748641915932991,0.7554310938881422,0.0067891779551512155
Asian-multilingual,0.6613224016674957,0.5124842268019879,0.7109401992759428,0.6538827756181953,Balanced-Professional,0.7554368783812837,0.7554368783812837,0.0
Asian-multilingual,0.4990241841232084,0.3518369675612401,0.612104342437121,0.5204728120520754,Balanced-Professional,0.736741609532477,0.736741609532477,0.0
Asian-multilingual,0.5791557106902926,0.5235625072845604,0.6434987376836222,0.5969914321561445,Balanced-Professional,0.7490565450485914,0.7490565450485914,0.0
Asian-multilingual,0.7041509272302566,0.16584141095989055,0.43230003461857,0.4741561223009244,Contextual-Relational,0.6765043714461435,0.6802699423026919,0.0037655708565483836
Asian-multilingual,0.5472617592596895,0.6186907338089934,0.673355563960628,0.6182897662849726,Balanced-Professional,0.7291125314675156,0.7291125314675156,0.0
Asian-multilingual,0.5895737840983938,0.42524933928413267,0.84536208748675,0.6718136316603018,Contextual-Relational,0.7948552428799972,0.8065510407436565,0.011695797863659263
Asian-multilingual,0.8216043775691443,0.6884521347789484,0.6630160269079624,0.7236091712135733,Balanced-Professional,0.8108249816265863,0.8108249816265863,0.0
Asian-multilingual,0.5984489698740371,0.07108780295660866,0.743341886228755,0.5581785488501745,Contextual-Relational,0.8056148526003554,0.8297677667920264,0.024152914191670982
Asian-multilingual,0.7285675090963664,0.18944965653360696,0.723660982602447,0.6185360016615509,Contextual-Relational,0.7583405235707643,0.7837351951303936,0.025394671559629267
Asian-multilingual,0.5801066834856232,0.6494975302005622,0.567764129792681,0.5884307036667871,Balanced-Professional,0.6911493846604092,0.6911493846604092,0.0
Asian-multilingual,0.4636436225476678,0.46370143604523134,0.6933055010796212,0.5670030305865595,Balanced-Professional,0.8170992513088524,0.8170992513088524,0.0
Asian-multilingual,0.6225666248772103,0.4857165530868852,0.5597969632053441,0.5669502627668055,Balanced-Professional,0.6527665558397613,0.6527665558397613,0.0
Asian-multilingual,0.5719362160652601,0.459025852110156,1.0,0.7419828460448723,Contextual-Relational,0.8878372397217849,0.9053166695601782,0.017479429838393346
Asian-multilingual,0.34226003515099623,0.46440268619981095,0.6927712233815697,0.5244186000645172,Balanced-Professional,0.6784928291282013,0.6784928291282013,0.0
Asian-multilingual,0.45478331791768895,0.5207741583372988,0.5247554665484584,0.4994689528854571,Balanced-Professional,0.7560474037141777,0.7560474037141777,0.0
Asian-multilingual,0.5635377543266341,0.2902045445375111,0.466894995844442,0.46538187105182305,Balanced-Professional,0.6760508666381889,0.6760508666381889,0.0
Mixed-global,0.6985475660330455,0.9608259014820586,0.8629650024366898,0.8478910861814755,Balanced-Professional,0.8255568426780115,0.8255568426780115,0.0
Mixed-global,0.6266635980479545,0.4492778413066227,0.5462447570618605,0.5364319888433554,Balanced-Professional,0.7781628239735215,0.7781628239735215,0.0
Mixed-global,0.6069246182105918,0.4020532106240957,0.4748294761090874,0.4889863258197916,Balanced-Professional,0.7547723858392794,0.7547723858392794,0.0
Mixed-global,0.6952298551295889,0.6048886389844467,0.6882796212709974,0.661177847628282,Balanced-Professional,0.819105315631705,0.819105315631705,0.0
Mixed-global,0.5323001482516142,0.5316314228433655,0.7095228968230572,0.5940940563587322,Balanced-Professional,0.7983626242744453,0.7983626242744453,0.0
Mixed-global,0.6890764002021562,0.6498841449912022,0.7666430861952303,0.7025074509758982,Balanced-Professional,0.8233456965589867,0.8233456965589867,0.0
Mixed-global,0.4707830491206599,0.7496998668375031,0.5847018301398708,0.6082755086782787,Balanced-Professional,0.8100366187824266,0.8100366187824266,0.0
Mixed-global,0.5195932177530715,0.6176505536950724,0.7694964277983668,0.6413794088486251,Balanced-Professional,0.7994691347721979,0.7994691347721979,0.0
Mixed-global,0.5508106243275118,0.5345791915427158,0.8169532930688685,0.6382795569123081,Balanced-Professional,0.8289380358398465,0.8289380358398465,0.0
Mixed-global,0.6079893078117515,0.6417651539153227,0.4615977525298057,0.5685738095993205,Balanced-Professional,0.7370569774855436,0.7370569774855436,0.0
Mixed-global,0.7919153407818146,0.6364942009433627,0.6351837806250303,0.6826618957834818,Balanced-Professional,0.7916376583848647,0.7916376583848647,0.0
Mixed-global,0.5046491450531619,0.5503191791246606,0.7531295497445957,0.6076017986201883,Balanced-Professional,0.7352942430222716,0.7352942430222716,0.0
Mixed-global,0.5012034269280394,0.4778538962286038,0.7728167352551202,0.5880957490977152,Balanced-Professional,0.7292344249276942,0.7292344249276942,0.0
Mixed-global,0.46417387825658035,0.6640566764749738,0.6014003174410106,0.5821621113475686,Balanced-Professional,0.6823080481646665,0.6823080481646665,0.0
Mixed-global,0.5645476484158823,0.5337860310201924,0.4205811187198652,0.5033927969337848,Balanced-Professional,0.758378750660125,0.758378750660125,0.0
Mixed-global,0.7000039984889819,0.3922130286535941,0.5712618928036488,0.5472174220567295,Balanced-Professional,0.7832552639238535,0.7832552639238535,0.0
Mixed-global,0.5167556769485666,0.665895982556548,0.4873677359982625,0.5586690045787537,Balanced-Professional,0.7623563841289512,0.7623563841289512,0.0
Mixed-global,0.5801167671493785,0.4857098358174962,0.603874316309695,0.5553894833893305,Balanced-Professional,0.7713550216688473,0.7713550216688473,0.0
Mixed-global,0.5387146175891458,0.4827271246478574,0.804995141954716,0.6123171785876445,Balanced-Professional,0.7691966868459397,0.7691966868459397,0.0
Mixed-global,0.6328079262196826,0.6607819536424293,0.5891174892566281,0.6273071828805749,Balanced-Professional,0.7871302885421033,0.7871302885421033,0.0
Mixed-global,0.3389730184997035,0.44586720034141814,0.6819468074627629,0.4964268082813744,Balanced-Professional,0.6487365721322841,0.6487365721322841,0.0
Mixed-global,0.704079046532988,0.536597393579731,0.5137423633846967,0.578842628897446,Balanced-Professional,0.7405281967289989,0.7405281967289989,0.0
Mixed-global,0.750335960616344,0.41580555507379524,0.7912930361894737,0.6475852951270473,Contextual-Relational,0.7060004683900336,0.7252298550381104,0.01922938664807683
Mixed-global,0.5038874081346284,0.33408243973948054,0.5890468737677257,0.4742614821679107,Balanced-Professional,0.6642125243834434,0.6642125243834434,0.0
Mixed-global,0.6111025760455908,0.6064307640150458,0.5347035294329925,0.5827277755204906,Balanced-Professional,0.7340015240289834,0.7340015240289834,0.0
Mixed-global,0.49359013069504276,0.795610481999757,0.9125073887461629,0.7459182939695848,Balanced-Professional,0.8145375556706665,0.8145375556706665,0.0
Mixed-global,0.7610657086008993,0.431417433812267,0.7136203897215301,0.6290829508170988,Contextual-Relational,0.7263981171619543,0.7342112305600695,0.00781311339811519
Mixed-global,0.7093230944241429,0.7363624748145653,0.7586637545822886,0.7360561086161417,Balanced-Professional,0.8729380561513876,0.8729380561513876,0.0
Mixed-global,1.0,0.7218890071384771,0.4109100896105394,0.6964796838621559,Balanced-Professional,0.841476581544538,0.841476581544538,0.0
Mixed-global,0.5920288383970023,0.7876356610123008,0.854733002314247,0.7524376836833924,Balanced-Professional,0.8092940206565626,0.8092940206565626,0.0
Mixed-global,0.49858030661797387,0.40179005522937683,0.8927336594566385,0.6026573921254975,Contextual-Relational,0.7065664966371584,0.7174660103452724,0.010899513708113928
Mixed-global,0.5541006199386425,0.46429778188705406,0.6518903569450692,0.5568960345728359,Balanced-Professional,0.7129783457601252,0.7129783457601252,0.0
Mixed-global,0.4453883840556473,0.8086006438782074,0.6305771225751251,0.6373287334753606,Balanced-Professional,0.8097016502489952,0.8097016502489952,0.0
Mixed-global,0.6507024322280635,0.5545082285220879,0.5938584028499259,0.5971390506486238,Balanced-Professional,0.6767872509159293,0.6767872509159293,0.0
Mixed-global,0.6649488948498542,0.5612399067388623,0.809056460517078,0.6790883969945354,Balanced-Professional,0.8252176873645356,0.8252176873645356,0.0
Mixed-global,0.7510583334848309,0.6687503946443463,0.46548715960539555,0.6223006440328589,Balanced-Professional,0.759769888707466,0.759769888707466,0.0
Mixed-global,0.6784850662182237,0.6544534795745535,0.7114220213535858,0.6816019451903158,Balanced-Professional,0.7788289245939409,0.7788289245939409,0.0
Mixed-global,0.5641189148418903,0.4810428692987697,0.9282454416236738,0.6624865832754223,Contextual-Relational,0.8253940389456786,0.8356118493039215,0.010217810358242874
Mixed-global,0.8032378569567471,0.5315718172277951,0.6867334627140648,0.667378205066675,Balanced-Professional,0.7882356003277269,0.7882356003277269,0.0
Mixed-global,0.7035228122054028,0.6589667698512801,0.9250382551303519,0.7654586024051919,Balanced-Professional,0.8225098920077104,0.8225098920077104,0.0
Mixed-global,0.7388391613033883,0.6038902554184784,0.6720179890264151,0.6682196339467292,Balanced-Professional,0.8369626135312037,0.8369626135312037,0.0
Mixed-global,0.458665514349759,0.45478727306247113,0.6293985758449717,0.5170647014225327,Balanced-Professional,0.6493073076615659,0.6493073076615659,0.0
Mixed-global,0.5058834931544983,0.7553506030999482,0.7873379707640151,0.6917060487987365,Balanced-Professional,0.8635621615846725,0.8635621615846725,0.0
Mixed-global,0.5330761846415217,0.6915123322115581,0.6592825158837637,0.6327010522258192,Balanced-Professional,0.7366284920090612,0.7366284920090612,0.0
Mixed-global,0.5681280916283764,0.5167849482584663,0.6817225699594988,0.5899160588648007,Balanced-Professional,0.7156581868329235,0.7156581868329235,0.0
Mixed-global,0.317154744089304,0.48201221851255605,0.6162812773390485,0.4795491467748527,Balanced-Professional,0.7564693121542878,0.7564693121542878,0.0
Mixed-global,0.7916118609483073,0.7026478819499246,0.511995211383635,0.662608640951238,Balanced-Professional,0.9168474256237433,0.9168474256237433,0.0
Mixed-global,0.5941018206345658,0.2036087432899909,0.6287121028830142,0.4695428423509215,Contextual-Relational,0.7374214355407278,0.7479689167513734,0.010547481210645637
Mixed-global,0.7424986388111181,0.5808814738974091,0.7604564962328471,0.692217881188925,Balanced-Professional,0.7667641858504943,0.7667641858504943,0.0
Mixed-global,0.7322862537474361,0.4762705457843997,0.8089004306619633,0.6694957178804578,Contextual-Relational,0.7022456692467423,0.7140253487465079,0.01177967949976566
Mixed-global,0.8335392659564497,0.46414907910525893,0.6594351117599598,0.6433162465897615,Contextual-Relational,0.7851430402716515,0.7871740456115266,0.0020310053398751027
Mixed-global,0.7048270725845414,0.6975167977469062,0.7087266922297716,0.7036333432671996,Balanced-Professional,0.8058243213284414,0.8058243213284414,0.0
Mixed-global,0.677512668200478,0.6113229745810443,0.5481788685527684,0.6090794455569779,Balanced-Professional,0.7353025018122344,0.7353025018122344,0.0
Mixed-global,0.5215758918452729,1.0,0.6458632884617173,0.7325249185151829,Balanced-Professional,0.8150780439498935,0.8150780439498935,0.0
Mixed-global,0.6428148764870413,0.5340734933043492,0.6486777879512392,0.6068074113855683,Balanced-Professional,0.7304846261318848,0.7304846261318848,0.0
Mixed-global,0.8715429185721121,0.6215178691753557,0.6511150759375138,0.7068844063611379,Balanced-Professional,0.8406910515349539,0.8406910515349539,0.0
Mixed-global,0.3795096192051103,0.3575513662114296,0.6768341030638694,0.47588780000788766,Balanced-Professional,0.6884128308233463,0.6884128308233463,0.0
Mixed-global,0.5277247119177331,0.7181499308524549,0.7148052647504234,0.6598517320363273,Balanced-Professional,0.7755157663211913,0.7755157663211913,0.0
Mixed-global,0.6653104982650346,0.47848510968675523,0.8274254408351099,0.6566618421621632,Contextual-Relational,0.6950869310526118,0.7039338105308686,0.008846879478256797
Mixed-global,0.853355359438534,0.6005604430316092,0.7691166944697106,0.7353936059570221,Balanced-Professional,0.8315067695993588,0.8315067695993588,0.0
Mixed-global,0.47380957988048333,0.7618258053289204,0.7360060375817791,0.6663840189828898,Balanced-Professional,0.7293462861983718,0.7293462861983718,0.0
Mixed-global,0.5647424435471524,0.7449586395790833,0.5111275329606912,0.6090528934530668,Balanced-Professional,0.7874049977392432,0.7874049977392432,0.0
Mixed-global,0.6496389429222895,0.6418219363220009,0.5646748269409989,0.6171655500187367,Balanced-Professional,0.7609022694971505,0.7609022694971505,0.0
Mixed-global,1.0,0.7599027506993229,0.6754646658440386,0.8023785957901765,Balanced-Professional,0.7744800919203013,0.7744800919203013,0.0
Mixed-global,0.5076067495050703,0.5021210643756105,0.6826189256056958,0.5669410213449783,Balanced-Professional,0.7237870432864243,0.7237870432864243,0.0
Mixed-global,0.6073398360659898,0.4291605421720547,0.7642124318962656,0.5998824917437091,Contextual-Relational,0.7062685730717704,0.7100584682802042,0.003789895208433869
Mixed-global,0.733711610461312,0.3409895635994179,0.44147499095699383,0.49397607723313763,Balanced-Professional,0.7225535122555399,0.7225535122555399,0.0
Mixed-global,0.5311889888818822,0.6518187866277263,0.692759031519378,0.6299589330160511,Balanced-Professional,0.7862449221730339,0.7862449221730339,0.0
Mixed-global,0.6841052451009033,0.8626093230906614,0.6858272443781669,0.747184372144361,Balanced-Professional,0.8688892056753507,0.8688892056753507,0.0
Mixed-global,0.6881915823810171,0.5199474320238175,0.6260394989107362,0.6075529005413989,Balanced-Professional,0.7266415784837839,0.7266415784837839,0.0
Mixed-global,0.580195803154313,0.5699674917948405,0.5671642710685602,0.5720548579484841,Balanced-Professional,0.7589580434895044,0.7589580434895044,0.0
Mixed-global,0.680077921974108,0.521223903109373,0.699071057277286,0.6311266127275631,Balanced-Professional,0.7144437014746509,0.7144437014746509,0.0
Mixed-global,0.8723040262148989,0.6409781049079736,0.6492447547024246,0.713269208728109,Balanced-Professional,0.8228268317307347,0.8228268317307347,0.0
Mixed-global,0.6490027570966272,0.2951773698210508,0.7309498377466704,0.5538453497776905,Contextual-Relational,0.7210271845028645,0.7379471601975242,0.01691997569465964
Mixed-global,0.5719701407594062,0.6961101545260902,0.40984731037494343,0.5586761549431836,Balanced-Professional,0.7419136835946752,0.7419136835946752,0.0
Mixed-global,0.5272680054521492,0.7297502217626354,0.5528930864514546,0.6071055595105762,Balanced-Professional,0.756290097643569,0.756290097643569,0.0
Mixed-global,0.6643883382661422,0.46611184480817724,0.8676194356336633,0.6661224496344869,Contextual-Relational,0.8266437000102507,0.8416339120397902,0.01499021202953954
Mixed-global,0.777537681572759,0.4169608315538437,0.6995635442617623,0.6240448360072898,Contextual-Relational,0.7514881353329694,0.7602190201760103,0.008730884843040854
Mixed-global,0.6529785880378856,0.4360186546929812,0.5701708815324709,0.5480599140902739,Balanced-Professional,0.7198978925886127,0.7198978925886127,0.0
Mixed-global,0.6760137184001171,0.6504369181925598,0.628985127481749,0.6506018315060431,Balanced-Professional,0.8338242539117721,0.8338242539117721,0.0
